{"cameraMode":{"drawMode":0,"name":"Shaded","section":"Shading Mode"},"sceneLighting":true,"audioPlay":false,"sceneViewState":{"m_AlwaysRefresh":false,"showFog":true,"showSkybox":true,"showFlares":true,"showImageEffects":true,"showParticleSystems":true,"showVisualEffectGraphs":true,"m_FxEnabled":true},"in2DMode":false,"pivot":{"x":499.8520812988281,"y":2.595832586288452,"z":404.99749755859377},"rotation":{"x":0.13262659311294557,"y":0.5011332035064697,"z":-0.07804741710424423,"w":0.8515863418579102},"size":0.8079418540000916,"orthographic":false}