{"cameraMode":{"drawMode":0,"name":"Shaded","section":"Shading Mode"},"sceneLighting":true,"audioPlay":false,"sceneViewState":{"m_AlwaysRefresh":false,"showFog":true,"showSkybox":true,"showFlares":true,"showImageEffects":true,"showParticleSystems":true,"showVisualEffectGraphs":true,"m_FxEnabled":true},"in2DMode":false,"pivot":{"x":2.5027358531951906,"y":0.9929080009460449,"z":-2.2693309783935549},"rotation":{"x":-0.13092921674251557,"y":0.38346150517463686,"z":-0.055016182363033298,"w":-0.9125736355781555},"size":1.4926049709320069,"orthographic":false}