{"cameraMode":{"drawMode":0,"name":"Shaded","section":"Shading Mode"},"sceneLighting":false,"audioPlay":false,"sceneViewState":{"m_AlwaysRefresh":false,"showFog":true,"showSkybox":false,"showFlares":true,"showImageEffects":true,"showParticleSystems":true,"showVisualEffectGraphs":true,"m_FxEnabled":true},"in2DMode":false,"pivot":{"x":0.0005780022474937141,"y":-0.029740260913968087,"z":0.00020118500106036663},"rotation":{"x":-0.12242315709590912,"y":-0.6905402541160584,"z":0.1203165352344513,"w":-0.7026551365852356},"size":0.9056577086448669,"orthographic":false}